{
   "generator":{
      "name":"Gedaq",
      "nuget":[
         "https://www.nuget.org/packages/Gedaq/"
      ],
      "link":"https://github.com/SoftStoneDevelop/Gedaq",
      "author":"Vyacheslav Brevnov",
      "source":"https://github.com/SoftStoneDevelop/Gedaq"
   },
   "data":{
      "goodFor":["Generating code from attribute query"],
      "csprojDemo":"GedaqDemoConsole.csproj",
      "csFiles":["Program.cs","Person.cs","PersonRepository.cs"]
   },
   "links":{
      "blog":"",
      "video":""
   }
}